2,dfs
2,dfs
2,dfs
2,12
2,12
2,12
2,12
2,12
2,12
2,12
2,12
2,12
2,12
2,12
2,12
2,12
2,12
2,12
2,12
2,12
2,12
2,12
2,12
2,12
2,12
2,12
2,12
2,12
2,12
2,12
2,12
2,12
2,12
2,12
2,12
2,12
2,12
2,12
2,12
2,12
2,12
2,12
2,12
2,12
2,12
2,12
2,12
2,12
2,12
2,12
2,12
2,12
2,12
2,12
2,12
2,12
2,12
2,12
2,12
2,12
2,12
2,12
2,12
2,12
2,12
2,12
2,12
2,12
2,12
2,12
2,12
2,12
2,12
2,12
2,12
2,12
2,12
2,12
2,12
2,12
2,12
2,12
2,12
2,12
2,12
2,12
2,12
2,12
2,12
2,12
2,12
2,12
2,12
2,12
2,12
2,12
2,12
2,12
2,12
2,12
2,12
2,12
2,12
2,12
2,12
2,12
2,12
2,12
2,12
2,12
2,12
2,12
2,12
2,12
2,12
2,12
2,12
2,12
2,12
2,12
2,12
2,12
2,12
2,12
2,12
2,12
2,12
2,12
2,12
2,12
2,12
2,12
2,12
2,12
2,12
2,12
2,12
2,12
2,12
2,12
2,12
2,12
2,12
2,12
2,12
2,12
2,12
2,12
2,12
2,12
2,12
2,12
2,12
2,12
2,12
2,12
2,12
2,12
2,12
2,12
2,12
2,12
2,12
2,12
2,12
2,12
2,12
2,12
2,12
2,12
2,12
2,12
2,12
2,12
2,12
2,12
2,12
2,12
2,12
2,12
2,12
2,12
2,12
2,12
2,12
2,12
2,12
2,12
2,12
2,12
2,12
2,12
2,12
2,12
2,12
2,12
2,12
2,12
2,12
2,12
2,12
2,12
2,12
2,12
2,12
2,12
2,12
2,12
2,12
2,12
2,12
2,12
2,12
2,12
2,12
2,12
2,12
2,12
2,12
2,12
2,12
2,12
2,12
2,12
2,12
2,12
2,12
2,12
2,12
2,12
2,12
2,12
2,12
2,12
2,12
2,12
2,12
2,12
2,12
2,12
2,12
2,12
2,12
2,12
2,12
2,12
2,12
2,12
2,12
2,12
2,12
2,12
2,12
2,12
2,12
2,12
2,12
2,12
2,12
2,12
2,12
2,12
2,12
2,12
2,12
2,12
2,12
2,12
2,12
